title,均价,总价,面积,地址,户型,area,朝向,装修,楼层,建造时间,建筑材料
街道口珞狮南湖狮城翰园 大三房必看好房,17748,1.9E+02,1.0705E+02,狮城翰园 ,3室1厅 ," 107.06平米 "," 东南 西 "," 简装 "," 高楼层(共17层) "," 2011年建 "," 板楼"
广埠屯H出口楼梯房可以陪读实得面积大必看好房,23152,1.55E+02,6.695E+01,教委成教中心 ,3室2厅 ," 66.95平米 "," 南 北 "," 精装 "," 低楼层(共1层)  ",无," 暂无数据"
中南街道口亚贸后-精装修一室拎包入住降价急卖！必看好房,23975,8.3E+01,3.462E+01,天下龙岭广场 ,1室1厅 ," 34.62平米 "," 东 "," 精装 "," 低楼层(共21层) "," 2016年建 "," 板塔结合"
狮城名居 新出南北通透大两居 高楼层不临街 老证税少必看好房,17291,1.9E+02,1.0988E+02,狮城名居 ,2室2厅 ," 109.89平米 "," 南 北 "," 精装 "," 高楼层(共13层) "," 2002年建 "," 塔楼"
街道口朝南大两房，生活便利，交通方便！必看好房,17692,1.83E+02,1.0344E+02,岭秀华庭 ,2室2厅 ," 103.44平米 "," 南 "," 精装 "," 高楼层(共21层) "," 2009年建 "," 塔楼"
珞狮南路满二电梯房，一室一厅带天燃气必看好房,18897,1.2E+02,6.35E+01,狮城风华新都 ,1室2厅 ," 63.5平米 "," 北 "," 简装 "," 高楼层(共13层) "," 2006年建 "," 板楼"
理工大南门 公安局宿舍优质两房必看好房,16779,1.38E+02,8.225E+01,公安局宿舍 ,2室2厅 ," 82.25平米 "," 南 北 "," 简装 "," 中楼层(共8层) "," 2001年建 "," 板楼"
街道口地铁口 未来城 正规一居室公寓 诚心出售必看好房,13878,6.5E+01,4.684E+01,未来城 ,1室1厅 ," 46.84平米 "," 南 "," 精装 "," 低楼层(共30层)  ",无," 塔楼"
街道口地铁 旁大两房  精装拎包入住  三面采光视野好必看好房,19778,1.58E+02,7.989E+01,马房山经济适用房 ,2室1厅 ," 79.89平米 "," 南 西 北 "," 精装 "," 中楼层(共6层)  ",无," 板塔结合"
狮城风华新都 狮城名居三期 优质三房 不临街高楼层必看好房,17891,2.11E+02,1.1794E+02,狮城风华新都 ,3室2厅 ," 117.94平米 "," 南 "," 简装 "," 高楼层(共18层) "," 2006年建 "," 板楼"
茶港军转小区 两室两厅 中间楼层 视野采光好 诚售必看好房,31370,2.7E+02,8.607E+01,茶港军转小区 ,2室2厅 ," 86.07平米 "," 南 北 "," 简装 "," 中楼层(共8层) "," 2003年建 "," 板楼"
此房两证满二，南北通透，中间楼层，采光好必看好房,21872,1.55E+02,7.087E+01,金桥花园 ,2室1厅 ," 70.87平米 "," 南 北 "," 简装 "," 中楼层(共6层) "," 1999年建 "," 板楼"
街道口地铁口 群光上苑 南北朝向两居室 精装必看好房,27837,2.38E+02,8.55E+01,群光上苑 ,2室1厅 ," 85.5平米 "," 南 北 "," 精装 "," 中楼层(共32层) "," 2017年建 "," 板塔结合"
此房满五年，采光视野好，小区环境好，交通便利必看好房,29155,2.2E+02,7.546E+01,茶港军转小区 ,2室1厅 ," 75.46平米 "," 南 北 "," 简装 "," 低楼层(共8层) "," 2003年建 "," 板楼"
一居室，拎包入住，不临街，安静舒适，高层视野好...必看好房,16817,7.3E+01,4.341E+01,御景名门 ,1室1厅 ," 43.41平米 "," 南 "," 精装 "," 高楼层(共32层) "," 2008年建 "," 塔楼"
地块口少量楼梯房  群光广场旁优质两房 看房联系我必看好房,17805,1.2E+02,6.74E+01,武装部宿舍 ,2室1厅 ," 67.4平米 "," 南 "," 简装 "," 中楼层(共8层)  ",无," 板楼"
街道口经典复式+税费少+随时可以看房,23742,3.3E+02,1.3899E+02,博文花园 ,6室1厅 ," 139平米 "," 南 北 "," 其他 "," 高楼层(共7层) "," 2004年建 "," 板塔结合"
狮城风华新都 小区正中 中间楼层 两证满两年,20033,2.22E+02,1.1082E+02,狮城风华新都 ,3室2厅 ," 110.82平米 "," 东 南 "," 简装 "," 低楼层(共13层) "," 2006年建 "," 板楼"
地铁口 圆梦美丽家园 经典好房出售,17855,2.56E+02,1.4338E+02,圆梦美丽家园 ,4室2厅 ," 143.38平米 "," 南 "," 毛坯 "," 中楼层(共11层) "," 2002年建 "," 板楼"
狮城风华新都 里面楼栋 保养较好 业主诚心出售,17648,2.45E+02,1.3883E+02,狮城风华新都 ,3室2厅 ," 138.83平米 "," 南 "," 简装 "," 低楼层(共18层) "," 2006年建 "," 板楼"
亚贸商圈石牌岭 岭秀华庭 精装两室 中间楼层 采光充足,18338,1.26E+02,6.871E+01,岭秀华庭 ,2室1厅 ," 68.71平米 "," 东 "," 精装 "," 高楼层(共21层) "," 2009年建 "," 塔楼"
石牌岭精装开间 南向采光好 安静舒适房主自荐,26535,8.3E+01,3.128E+01,天下龙岭广场 ,1室0厅 ," 31.28平米 "," 南 "," 精装 "," 低楼层(共21层) "," 2016年建 "," 板塔结合"
街道口，鹏程蕙园，朝南大两居，有小区环境,24138,2.1E+02,8.7E+01,鹏程蕙园 ,2室1厅 ," 87平米 "," 南 "," 毛坯 "," 高楼层(共31层) "," 2006年建 "," 塔楼"
8号线马房山站马房山教师小区经典三房,18194,1.7E+02,9.344E+01,马房山教师小区 ,3室2厅 ," 93.44平米 "," 东南 "," 精装 "," 高楼层(共7层) "," 1998年建 "," 板楼"
圆梦美丽家园 街道口 二环内 交通便利 诚意出售,17958,2.97E+02,1.6539E+02,圆梦美丽家园 ,4室2厅 ," 165.39平米 "," 南 "," 毛坯 "," 低楼层(共7层) "," 2002年建 "," 板楼"
石牌岭单位房，无公摊得房率高，利用率高,21831,1.93E+02,8.841E+01,石牌岭9号 ,3室2厅 ," 88.41平米 "," 南 北 "," 简装 "," 低楼层(共7层) "," 1994年建 "," 板楼"
临地铁居恬静享绿意-二环圆梦美丽家园经典4房值得拥有,17855,2.56E+02,1.4338E+02,圆梦美丽家园 ,4室2厅 ," 143.38平米 "," 南 "," 简装 "," 中楼层(共11层) "," 2002年建 "," 板楼"
广埠屯地铁口 融科珞瑜路95号 满两年 无贷款 随时可签,26610,2E+02,7.516E+01,融科珞瑜路95号 ,2室2厅 ," 75.16平米 "," 北 "," 简装 "," 低楼层(共30层)  ",无," 塔楼"
花园小区，泓悦府满两年 清水毛坯 中间楼层配套齐全,25190,2.43E+02,9.647E+01,泓悦府 ,3室2厅 ," 96.47平米 "," 南 "," 其他 "," 中楼层(共18层) "," 2015年建 "," 板楼"
珞狮南路 雄楚大道 南湖景苑 毛坯大四房,22954,3.6E+02,1.5684E+02,南湖景苑 ,4室2厅 ," 156.84平米 "," 南 北 "," 毛坯 "," 高楼层(共11层) "," 2002年建 "," 塔楼"
小区绿化高、环境好，近南湖，不沿马路；中间楼层。,19849,2.7E+02,1.3603E+02,南湖景苑 ,3室2厅 ," 136.03平米 "," 南 "," 精装 "," 中楼层(共18层) "," 2002年建 "," 塔楼"
二环华师体院旁南湖红馆 简装大四房 南北通透满五唯一房主自荐,19673,2.51E+02,1.2759E+02,南湖景苑 ,4室2厅 ," 127.59平米 "," 南 北 "," 其他 "," 中楼层(共18层) "," 2002年建 "," 塔楼"
街道口珞狮南湖南湖景苑精装三房户型方形通风交通便捷,20643,2.1E+02,1.0173E+02,南湖景苑 ,3室2厅 ," 101.73平米 "," 南 "," 精装 "," 中楼层(共18层) "," 2002年建 "," 塔楼"
石牌岭南北通透三居室，采光好，户型好，闹中取静,16618,1.35E+02,8.124E+01,武汉市盲校住宅小区 ,3室1厅 ," 81.24平米 "," 南 北 "," 精装 "," 高楼层(共7层) "," 2000年建 "," 板楼"
狮城名居5栋！新出南北通透大三房 不临街 证满五唯一,17679,2.69E+02,1.5216E+02,狮城名居 ,3室2厅 ," 152.16平米 "," 南 北 "," 简装 "," 低楼层(共13层) "," 2002年建 "," 塔楼"
南北通透 竹苑小区大三房 提前预约可看房,20300,2.7E+02,1.33E+02,竹苑小区 ,3室2厅 ," 133.01平米 "," 南 北 "," 其他 "," 中楼层(共7层) "," 2000年建 "," 塔楼"
亚贸街道口、鹏程惠园、南北通透三房、中高层满两年,23864,2.85E+02,1.1943E+02,鹏程蕙园 ,3室2厅 ," 119.43平米 "," 南 北 "," 精装 "," 高楼层(共30层) "," 2006年建 "," 塔楼"
狮城风华新都，三房，14%公摊，有车库可一起出售房主自荐,18468,2.35E+02,1.2725E+02,狮城风华新都 ,3室2厅 ," 127.25平米 "," 南 北 "," 简装 "," 低楼层(共8层) "," 2006年建 "," 板楼"
珞狮南路 狮城名居 大三房 诚心卖 看房方便,17130,2.7E+02,1.5762E+02,狮城名居 ,3室2厅 ," 157.62平米 "," 南 "," 其他 "," 低楼层(共17层) "," 2002年建 "," 塔楼"
狮城风华新都精装大三房 大阳台采光视野无遮挡房主自荐,22226,2.7E+02,1.2148E+02,狮城风华新都 ,3室2厅 ," 121.48平米 "," 南 "," 精装 "," 中楼层(共13层) "," 2006年建 "," 板楼"
广埠屯广八路武汉大学华师 精装修两室两厅,30946,2.6E+02,8.402E+01,银海雅苑 ,2室2厅 ," 84.02平米 "," 东南 南 "," 精装 "," 高楼层(共32层) "," 2006年建 "," 塔楼"
圆梦美丽家园 邻近华师 品质小区 近地铁  值得拥有,17146,2.69E+02,1.5689E+02,圆梦美丽家园 ,4室2厅 ," 156.89平米 "," 南 "," 毛坯 "," 高楼层(共11层) "," 2002年建 "," 板楼"
狮城风华新都 小高层 电梯三房 带40平米阁楼 有钥匙房主自荐,19940,2.25E+02,1.1284E+02,狮城风华新都 ,3室2厅 ," 112.84平米 "," 南 "," 简装 "," 高楼层(共8层) "," 2006年建 "," 板楼"
街道口 武汉大学旁 街道口商圈 位置便利 交通方便,23947,1.92E+02,8.018E+01,四眼井社区 ,3室2厅 ," 80.18平米 "," 南 "," 简装 "," 高楼层(共6层) "," 1996年建 "," 板楼"
街道口未来城高区通透户型，带露台,25083,2.58E+02,1.0286E+02,未来城 ,3室2厅 ," 102.86平米 "," 南 北 "," 其他 "," 高楼层(共30层) "," 2010年建 "," 塔楼"
2梯三户，此房位于中间楼层非顶楼，采光视野好,20952,2.85E+02,1.3603E+02,南湖景苑 ,3室2厅 ," 136.03平米 "," 南 "," 精装 "," 高楼层(共18层) "," 2002年建 "," 塔楼"
中南丁字桥精装大四房业主 诚心出售,23084,3.09E+02,1.3386E+02,市政小区(洪山) ,5室2厅 ," 133.86平米 "," 南 北 "," 简装 "," 高楼层(共7层) "," 1999年建 "," 板楼"
亚贸广场商圈，居家产证满二电梯小两房，全明格局。,20376,1.4E+02,6.871E+01,岭秀华庭 ,2室2厅 ," 68.71平米 "," 南 "," 简装 "," 高楼层(共21层) "," 2009年建 "," 塔楼"
街道口石牌岭新小区，交通方便，生活便捷。满二,20665,2.35E+02,1.1372E+02,天下龙岭广场 ,3室2厅 ," 113.72平米 "," 南 北 "," 简装 "," 高楼层(共29层) "," 2016年建 "," 板楼"
边户通透的大四房，中间楼层视野采光好，业主很诚心卖,19919,3.09E+02,1.5513E+02,南湖景苑 ,4室2厅 ," 155.13平米 "," 南 "," 毛坯 "," 中楼层(共11层) "," 2009年建 "," 板楼"
京韵花园 2室2厅 145万,22271,1.45E+02,6.511E+01,京韵花园 ,2室2厅 ," 65.11平米 "," 东南 "," 其他 "," 中楼层(共7层)  ",无," 暂无数据"
玉兰苑 5室2厅 380万,20130,3.8E+02,1.8877E+02,玉兰苑 ,5室2厅 ," 188.78平米 "," 南 "," 精装 "," 高楼层(共8层) "," 2002年建 "," 板楼"
街道口CD口旁三居室诚意出售，看房方便！,18216,2.556E+02,1.4032E+02,鹏程国际 ,3室2厅 ," 140.32平米 "," 南 "," 其他 "," 中楼层(共30层) "," 2004年建 "," 塔楼"
二环内，总价低，居住办公环境好，交通方便,12894,1.5E+02,1.1633E+02,春林庭苑 ,3室1厅 ," 116.34平米 "," 南 "," 简装 "," 低楼层(共27层) "," 2006年建 "," 板塔结合"
广八路 户型通透 均价便宜 看房预约,19639,3E+02,1.5276E+02,珞南工商所宿舍 ,4室2厅 ," 152.76平米 "," 东 "," 简装 "," 高楼层(共8层)  ",无," 板楼"
两证满二，居家精装，视野好，交通便利,35644,4.5E+02,1.2625E+02,银海东湖珞珈 ,3室2厅 ," 126.25平米 "," 南 北 "," 精装 "," 高楼层(共26层) "," 2013年建 "," 板楼"
二环内 居家三房近理工大中高楼层两证满税费少,27129,2.52E+02,9.289E+01,泓悦府 ,3室2厅 ," 92.89平米 "," 南 "," 精装 "," 中楼层(共28层) "," 2015年建 "," 板楼"
二环内街道口南北3房急售！武珞路小边,17390,2.3E+02,1.3226E+02,竹苑小区 ,3室1厅 ," 132.26平米 "," 南 "," 简装 "," 高楼层(共8层) "," 2000年建 "," 塔楼"
次新房毛坯，户型好，通透四房，中间楼层，采光好。,37963,5.5E+02,1.4488E+02,东湖楚天府 ,4室2厅 ," 144.88平米 "," 南 北 "," 毛坯 "," 高楼层(共32层) "," 2015年建 "," 板楼"
狮城翰园 新出精装两房 可直接拎包入住 正二环,20072,1.8E+02,8.968E+01,狮城翰园 ,2室2厅 ," 89.68平米 "," 南 "," 精装 "," 中楼层(共17层) "," 2011年建 "," 板楼"
街道口十字路口鹏程国际 两证满两年,17532,2.46E+02,1.4031E+02,鹏程国际 ,3室2厅 ," 140.32平米 "," 南 "," 简装 "," 中楼层(共30层) "," 2004年建 "," 塔楼"
石牌岭路、岭秀华庭、小两居、产证满两年！,18193,1.25E+02,6.871E+01,岭秀华庭 ,2室1厅 ," 68.71平米 "," 南 "," 简装 "," 中楼层(共21层) "," 2009年建 "," 塔楼"
博文花园 精装四居室，满两年，全明格局，采光无影响,23404,3.65E+02,1.5596E+02,博文花园 ,4室2厅 ," 155.96平米 "," 南 北 "," 精装 "," 低楼层(共10层) "," 2004年建 "," 板塔结合"
武汉电力职业学院三房+集中供暖+产权清晰无抵押和贷款,27782,2.1E+02,7.559E+01,广埠屯电力职业学院教师宿舍 ,3室1厅 ," 75.59平米 "," 南 "," 简装 "," 高楼层(共7层) "," 1996年建 "," 塔楼"
博文花园电梯两房两证满两年明厨明卫南北通透,24168,2.3E+02,9.517E+01,博文花园 ,2室2厅 ," 95.17平米 "," 南 北 "," 精装 "," 中楼层(共11层) "," 2004年建 "," 板塔结合"
天下龙岭广场 南向开间 毛坯现房房主自荐,23109,8E+01,3.462E+01,天下龙岭广场 ,1室1厅 ," 34.62平米 "," 南 "," 毛坯 "," 低楼层(共21层) "," 2016年建 "," 板塔结合"
街道口圆梦美丽家园自主精装大3 房业主诚心出售,18464,2.42E+02,1.3107E+02,圆梦美丽家园 ,3室2厅 ," 131.07平米 "," 南 北 "," 精装 "," 低楼层(共11层) "," 2005年建 "," 板楼"
狮城风华新都 精装大三房 中间楼层 采光无遮挡房主自荐,18230,2.15E+02,1.1794E+02,狮城风华新都 ,3室2厅 ," 117.94平米 "," 东南 "," 精装 "," 中楼层(共18层) "," 2006年建 "," 板楼"
欧式精装暖气房+三个阳台可观东湖，双卫带窗户,30715,4.8E+02,1.5628E+02,东湖公馆 ,4室2厅 ," 156.28平米 "," 南 北 "," 精装 "," 高楼层(共15层)  ",无," 板楼"
狮城名居 通透四房 中间楼层  业主忍痛割爱,19233,3.5E+02,1.8198E+02,狮城名居 ,4室2厅 ," 181.98平米 "," 南 "," 精装 "," 中楼层(共13层) "," 2002年建 "," 塔楼"
狮城名居 精装大三房 东边户大阳台 业主急售 诚心卖,19143,3E+02,1.5672E+02,狮城名居 ,3室2厅 ," 156.72平米 "," 东 南 "," 精装 "," 中楼层(共17层) "," 2002年建 "," 塔楼"
南湖景苑 精装南北通透大三房 前后无遮挡 两证满两年,18673,2.4E+02,1.2853E+02,南湖景苑 ,3室2厅 ," 128.53平米 "," 南 北 "," 精装 "," 低楼层(共18层) "," 2002年建 "," 板楼"
装修50万+带车位+证满二户型通透+安全防火灾的好楼层,37381,5.4E+02,1.4446E+02,东湖楚天府 ,4室2厅 ," 144.46平米 "," 南 北 "," 精装 "," 低楼层(共32层) "," 2015年建 "," 板楼"
武珞路主干道 京韵花园 南北格局四房两卫 精装,22378,3.8E+02,1.6981E+02,京韵花园 ,4室2厅 ," 169.81平米 "," 南 北 "," 精装 "," 中楼层(共26层) "," 2004年建 "," 塔楼"
卓刀泉 三房朝南 南北格局 中间楼层 配套设施齐全,19746,3.1E+02,1.5699E+02,七环科技公寓 ,3室2厅 ," 157平米 "," 南 北 "," 简装 "," 低楼层(共8层) "," 2000年建 "," 板楼"
街道口 电梯房 两证满2年 精装修 采光好,24569,3.2E+02,1.3025E+02,鹏程蕙园 ,3室1厅 ," 130.25平米 "," 南 北 "," 精装 "," 高楼层(共31层) "," 2006年建 "," 塔楼"
闹中取静 采光良好 前后无遮挡 后期税费低,15951,1.9E+02,1.1911E+02,泰格生态公寓 ,3室2厅 ," 119.12平米 "," 南 北 "," 简装 "," 高楼层(共7层) "," 1998年建 "," 板楼"
汉飞精英青年城 1室0厅 78万,19878,7.8E+01,3.924E+01,汉飞精英青年城 ,1室0厅 ," 39.24平米 "," 北 "," 精装 "," 低楼层(共16层) "," 2005年建 "," 塔楼"
街道口博文花园 为数不多的小户型一室一厅 电梯房,21535,1.12E+02,5.201E+01,博文花园 ,1室1厅 ," 52.01平米 "," 北 "," 简装 "," 中楼层(共11层) "," 2002年建 "," 板塔结合"
春林庭苑一居住宅 产权70年 厅室分离,20963,9.8E+01,4.675E+01,春林庭苑 ,1室1厅 ," 46.75平米 "," 东 南 "," 简装 "," 低楼层(共22层) "," 2006年建 "," 板塔结合"
石牌岭精装一居室无遮挡采光好交通方便,23930,9.5E+01,3.97E+01,天下龙岭广场 ,1室0厅 ," 39.7平米 "," 西 "," 精装 "," 中楼层(共19层) "," 2016年建 "," 板楼"
二环内   70年产权住宅   只要17000  马上满两年,17871,1.45E+02,8.114E+01,御景名门 ,2室1厅 ," 81.14平米 "," 西南 "," 其他 "," 中楼层(共32层) "," 2008年建 "," 塔楼"
天下龙岭广场 小两房 毛坯 总价低 满两年房主自荐,21427,1.4E+02,6.534E+01,天下龙岭广场 ,2室1厅 ," 65.34平米 "," 东 西 北 "," 毛坯 "," 低楼层(共19层) "," 2016年建 "," 板楼"
狮城风华新都 婚房装修两房 东南朝向 直接入住,19414,1.7E+02,8.757E+01,狮城风华新都 ,2室2厅 ," 87.57平米 "," 南 "," 精装 "," 低楼层(共13层) "," 2006年建 "," 板楼"
狮城风华新都正规一室一厅诚心出售房主自荐,18741,1.19E+02,6.35E+01,狮城风华新都 ,1室1厅 ," 63.5平米 "," 北 "," 简装 "," 低楼层(共13层) "," 2006年建 "," 板楼"
此房地理位子好南北朝向，业主诚心出售。看房提前联系,23844,1.65E+02,6.92E+01,天下龙岭广场 ,2室1厅 ," 69.2平米 "," 东南 南 "," 其他 "," 高楼层(共21层) "," 2016年建 "," 板塔结合"
街道口商圈 武汉大学正门旁  低总价,20259,1.13E+02,5.578E+01,武汉大学书店宿舍 ,2室1厅 ," 55.78平米 "," 北 "," 简装 "," 高楼层(共8层) "," 1995年建 "," 塔楼"
街道口通透两居室看房方便，交通方便,20057,1.42E+02,7.08E+01,洪山区水务局宿舍 ,2室1厅 ," 70.8平米 "," 东 西 "," 简装 "," 中楼层(共8层)  ",无," 板楼"
街道口地铁口省妇幼南北通透两室一厅,25288,2.2E+02,8.7E+01,鹏程蕙园 ,2室1厅 ," 87平米 "," 南 北 "," 毛坯 "," 中楼层(共31层) "," 2006年建 "," 塔楼"
证满五年，无抵押无贷款，通透方正户型，低价小两房,19842,1.3E+02,6.552E+01,黎明村 ,2室1厅 ," 65.52平米 "," 东 西 "," 其他 "," 高楼层(共7层)  ",无," 板楼"
狮城风华新都，街道口商圈满五唯一，12楼，诚意出售房主自荐,21576,1.78E+02,8.25E+01,狮城风华新都 ,2室1厅 ," 82.5平米 "," 东南 "," 简装 "," 高楼层(共13层) "," 2006年建 "," 板楼"
武汉科技大学 武汉理工大学  交汇处 地理位置优越,24013,1.07E+02,4.456E+01,泓悦府 ,1室1厅 ," 44.56平米 "," 东 "," 其他 "," 高楼层(共29层) "," 2015年建 "," 塔楼"
街道口 马房山经济适用房 2室1厅 南 北,21600,1.55E+02,7.176E+01,马房山经济适用房 ,2室1厅 ," 71.76平米 "," 南 北 "," 其他 "," 高楼层(共5层)  ",无," 板塔结合"
马房山洪达巷 大2房 街道口商圈 地铁口,19836,1.45E+02,7.31E+01,灯泡厂宿舍 ,2室2厅 ," 73.1平米 "," 南 "," 其他 "," 中楼层(共7层) "," 2004年建 "," 板楼"
广埠屯地铁口300米处电梯带阳台一房,33439,1.8E+02,5.383E+01,银海雅苑 ,1室1厅 ," 53.83平米 "," 南 "," 简装 "," 高楼层(共32层) "," 2006年建 "," 塔楼"
复式格局 居家精装 满五唯一 诚意出售 电梯加装中房主自荐,16754,2.88E+02,1.719E+02,玉兰苑 ,5室2厅 ," 171.9平米 "," 南 北 "," 精装 "," 高楼层(共7层) "," 2002年建 "," 板楼"
广八路上地铁口300米大两房 可上学房东诚心卖,20000,2.52E+02,1.26E+02,珞南工商所宿舍 ,2室1厅 ," 126平米 "," 南 "," 简装 "," 高楼层(共8层) "," 1995年建 "," 板楼"
珞珈山下东湖边，东湖楚天府精装大3房，产证满两年,40105,5.2E+02,1.2966E+02,东湖楚天府 ,3室2厅 ," 129.66平米 "," 南 "," 精装 "," 高楼层(共27层) "," 2015年建 "," 板楼"
此房两证老证 无贷款无抵押 产权清晰 交易快捷,19833,2.2E+02,1.1093E+02,竹苑小区 ,3室2厅 ," 110.93平米 "," 东南 "," 简装 "," 低楼层(共7层) "," 2000年建 "," 塔楼"
南湖景苑 精装三房 南北通透 安静不临街 环境优美,20229,2.6E+02,1.2853E+02,南湖景苑 ,3室2厅 ," 128.53平米 "," 南 北 "," 精装 "," 中楼层(共18层) "," 2002年建 "," 板楼"
石牌岭 理工大旁，大三房带露台，业主诚心出售,25664,2.9E+02,1.13E+02,天下龙岭广场 ,3室2厅 ," 113平米 "," 南 北 "," 精装 "," 低楼层(共29层) "," 2016年建 "," 板楼"
东湖旁，广埠屯优质住宅，大四房,22443,3.65E+02,1.6263E+02,东湖名居 ,3室2厅 ," 162.64平米 "," 南 "," 其他 "," 低楼层(共18层) "," 1999年建 "," 板楼"
广埠屯K口3居室广小卓中总价低诚意售！,21134,1.85E+02,8.754E+01,广八路62号 ,3室1厅 ," 87.54平米 "," 南 "," 简装 "," 高楼层(共6层)  ",无," 暂无数据"
广埠屯地铁口大三居，南北通，一梯一户，诚心出售,21949,3.38E+02,1.5399E+02,七环科技公寓 ,3室2厅 ," 154平米 "," 南 "," 精装 "," 中楼层(共8层) "," 2000年建 "," 板楼"
三代同堂 狮城名居高层大四房，南北通透三阳台带暖气,23161,3.8E+02,1.6407E+02,狮城名居 ,4室2厅 ," 164.07平米 "," 南 北 "," 精装 "," 高楼层(共13层) "," 2002年建 "," 塔楼"
街道口商圈华师南门精装修小三房业主诚意出售,26213,2.4E+02,9.156E+01,珞桂路99号 ,3室2厅 ," 91.56平米 "," 东南 南 "," 精装 "," 低楼层(共32层) "," 2012年建 "," 板楼"
东湖村军转小区103平218万，业主自住装修，,20985,2.17E+02,1.0341E+02,东湖村军转小区 ,3室2厅 ," 103.41平米 "," 南 北 "," 简装 "," 低楼层(共8层)  ",无," 板楼"
狮城风华新都 4室2厅 300万,21913,3E+02,1.3691E+02,狮城风华新都 ,4室2厅 ," 136.91平米 "," 南 "," 精装 "," 中楼层(共9层) "," 2006年建 "," 板楼"
二环内 石牌岭317号 简装南向三房 房本满五,21322,2E+02,9.38E+01,石牌岭休养所 ,3室2厅 ," 93.8平米 "," 南 "," 简装 "," 低楼层(共2层)  ",无," 暂无数据"
街道口 理工大 婚房装修三房两卫,27711,2.85E+02,1.0285E+02,泓悦府 ,3室2厅 ," 102.85平米 "," 南 北 东 "," 其他 "," 高楼层(共29层) "," 2015年建 "," 板楼"
雄楚大道二环 御景 大两室自住 诚心卖,20003,2E+02,9.999E+01,御景名门 ,2室2厅 ," 99.99平米 "," 南 "," 精装 "," 低楼层(共32层) "," 2008年建 "," 塔楼"
武汉理工大学黎明教师小区 3室2厅 297万,19737,2.97E+02,1.5048E+02,武汉理工大学黎明教师小区 ,3室2厅 ," 150.48平米 "," 南 北 "," 其他 "," 中楼层(共8层) "," 2002年建 "," 板楼"
街道口一室，看房方便业主诚售，街道口地铁站,17109,8E+01,4.676E+01,鹏程国际 ,1室1厅 ," 46.76平米 "," 南 "," 简装 "," 中楼层(共30层) "," 2004年建 "," 塔楼"
街道口一室一厅总价低，看房方便,16825,1.01E+02,6.003E+01,鹏程国际 ,1室1厅 ," 60.03平米 "," 南 "," 简装 "," 中楼层(共30层) "," 2004年建 "," 塔楼"
狮城名居 南向北1向1通1透1户型1三1房 不临街 随时看1,18635,1.78E+02,9.552E+01,狮城名居 ,2室1厅 ," 95.52平米 "," 南 "," 简装 "," 低楼层(共17层) "," 2002年建 "," 塔楼"
街道口狮城名居 二楼带架空层车位 通透大两房 不临街房主自荐,18929,2.08E+02,1.0988E+02,狮城名居 ,2室2厅 ," 109.89平米 "," 南 "," 简装 "," 低楼层(共13层) "," 2002年建 "," 塔楼"
狮城名居 正二环边  大三房 小区中间 安静 诚心卖,17602,2.82E+02,1.6021E+02,狮城名居 ,3室2厅 ," 160.21平米 "," 南 北 "," 简装 "," 中楼层(共13层) "," 2002年建 "," 塔楼"
狮城翰园旁，四房急售，中层，产证满二，税费房主自荐,16532,1.67E+02,1.0102E+02,湖北城建职院南湖住宅小区 ,4室2厅 ," 101.02平米 "," 南 北 "," 精装 "," 中楼层(共5层) "," 1998年建 "," 板楼"
中南丁字桥石牌岭理工大泓悦府 南北通透三居室,25863,2.85E+02,1.102E+02,泓悦府 ,3室1厅 ," 110.2平米 "," 南 北 "," 毛坯 "," 中楼层(共28层) "," 2015年建 "," 板楼"
狮城风华新都 东边户 采光好 安静 大三房 钥匙看房,19140,2.31E+02,1.2069E+02,狮城风华新都 ,3室2厅 ," 120.69平米 "," 南 北 "," 其他 "," 高楼层(共13层) "," 2006年建 "," 板楼"
此房满五唯一，南北通透，全新毛坯，采光无遮挡诚心卖,18372,2.85E+02,1.5513E+02,南湖景苑 ,4室2厅 ," 155.13平米 "," 南 北 "," 毛坯 "," 低楼层(共11层) "," 2009年建 "," 板楼"
街道口 未来城 两室 办公居家均可,24097,2E+02,8.3E+01,未来城 ,2室1厅 ," 83平米 "," 东北 "," 简装 "," 低楼层(共30层) "," 2010年建 "," 塔楼"
街道口 群光广场背后正规一居室 看房方便。,19749,8.8E+01,4.456E+01,科技公寓 ,1室1厅 ," 44.56平米 "," 南 "," 简装 "," 高楼层(共8层) "," 1993年建 "," 板塔结合"
证满两年，税少，户型方正，精装修，东南朝向。,24072,1.6E+02,6.647E+01,天下龙岭广场 ,2室1厅 ," 66.47平米 "," 东南 "," 其他 "," 高楼层(共21层) "," 2016年建 "," 板塔结合"
珞狮路 狮城名居 大三房 高楼层拐角大阳台 采光视野好,18065,2.8E+02,1.55E+02,狮城名居 ,3室2厅 ," 155平米 "," 南 "," 其他 "," 高楼层(共17层) "," 2002年建 "," 塔楼"
狮城名居 高层精装两房 东南向 拐角大阳台 满两年,19892,1.9E+02,9.552E+01,狮城名居 ,2室2厅 ," 95.52平米 "," 东 南 "," 精装 "," 中楼层(共17层) "," 2002年建 "," 塔楼"
银海东湖珞珈 两证满二+繁华地段+看房预约,36075,2.9E+02,8.039E+01,银海东湖珞珈 ,2室1厅 ," 80.39平米 "," 南 北 "," 精装 "," 26层  ",无," 板楼"
满二年 南北通透  诚意出售 楼层好 次新房,24567,2.18E+02,8.874E+01,天下龙岭广场 ,2室2厅 ," 88.74平米 "," 南 北 "," 精装 "," 中楼层(共29层) "," 2016年建 "," 板楼"
中南 亚贸 石牌岭 岭秀华庭 中间楼层 全新装修,19207,1.85E+02,9.632E+01,岭秀华庭 ,2室2厅 ," 96.32平米 "," 西 "," 精装 "," 高楼层(共21层) "," 2009年建 "," 塔楼"
70年住宅，业主诚心出售，此房在街道口地铁口A出口,18770,8.3E+01,4.422E+01,鹏程国际 ,1室1厅 ," 44.22平米 "," 南 "," 简装 "," 低楼层(共30层) "," 2004年建 "," 塔楼"
石牌岭精装修小两房  厨卫有窗有阳台 中间楼层采光好,23243,1.25E+02,5.378E+01,天下龙岭广场 ,2室2厅 ," 53.78平米 "," 西 北 "," 精装 "," 高楼层(共19层) "," 2016年建 "," 板楼"
共享武汉大学，华中师范大学文化配套，出行方便,19142,2.28E+02,1.1911E+02,桂子山庄 ,2室1厅 ," 119.11平米 "," 南 北 "," 简装 "," 中楼层(共8层) "," 2000年建 "," 板楼"
武大边广埠屯地铁口融科电梯两房精装修,26972,1.96E+02,7.267E+01,融科珞瑜路95号 ,2室1厅 ," 72.67平米 "," 东南 "," 精装 "," 高楼层(共30层)  ",无," 塔楼"
雄楚大街 满二两房，出行便利，采光好,18786,1.68E+02,8.943E+01,御景名门 ,2室1厅 ," 89.43平米 "," 东北 "," 简装 "," 低楼层(共32层) "," 2008年建 "," 塔楼"
狮城翰园 安静阳光房 二房居家装修 业主诚心卖,20720,1.98E+02,9.556E+01,狮城翰园 ,2室2厅 ," 95.56平米 "," 南 "," 简装 "," 低楼层(共23层) "," 2011年建 "," 板楼"
理工大 御景名.门 交通出行便利房主自荐,17332,1.55E+02,8.943E+01,御景名门 ,2室2厅 ," 89.43平米 "," 南 "," 精装 "," 低楼层(共32层) "," 2008年建 "," 塔楼"
中高楼层，采光佳，户型好，可拎包入住房主自荐,23789,1.06E+02,4.456E+01,泓悦府 ,1室1厅 ," 44.56平米 "," 东 "," 精装 "," 中楼层(共29层) "," 2015年建 "," 塔楼"
街道口狮城名居，精装修小三房，高楼层，低公摊，满二,19940,2.16E+02,1.0832E+02,狮城名居 ,2室2厅 ," 108.33平米 "," 南 "," 精装 "," 高楼层(共13层) "," 2002年建 "," 塔楼"
街道口 鹏程国际 交通便利 教育医疗设施齐全,16970,1E+02,5.893E+01,鹏程国际 ,2室1厅 ," 58.93平米 "," 南 "," 其他 "," 中楼层(共30层) "," 2004年建 "," 塔楼"
地铁口交通便利 70年住宅产权，很适合办公理财使用。房主自荐,20990,1.26E+02,6.003E+01,鹏程国际 ,1室1厅 ," 60.03平米 "," 南 北 "," 精装 "," 低楼层(共30层) "," 2004年建 "," 塔楼"
街道口地铁口交通便利 70年住宅产权，很适合办公使用,19812,2.78E+02,1.4032E+02,鹏程国际 ,3室2厅 ," 140.32平米 "," 南 北 "," 精装 "," 低楼层(共30层) "," 2004年建 "," 塔楼"
街道口A口旁1室1厅1厨1卫电梯房出售随时预约看房！,19006,1.12E+02,5.893E+01,鹏程国际 ,1室1厅 ," 58.93平米 "," 东南 "," 其他 "," 低楼层(共30层) "," 2004年建 "," 塔楼"
街道口地铁站，电梯南向一室一厅。看房方便,19850,1E+02,5.038E+01,鹏程国际 ,1室1厅 ," 50.38平米 "," 南 "," 其他 "," 中楼层(共29层) "," 2004年建 "," 塔楼"
自住的房子，小三居室中间楼层，诚心出售,36975,3.7E+02,1.0007E+02,东湖楚天府 ,3室2厅 ," 100.07平米 "," 南 "," 精装 "," 中楼层(共26层) "," 2016年建 "," 板楼"
天下龙岭 精装一房一厅出售.随时看房,22878,9E+01,3.934E+01,天下龙岭广场 ,1室1厅 ," 39.34平米 "," 南 "," 其他 "," 高楼层(共19层) "," 2016年建 "," 板楼"
产证满二 方正小两房，视野开阔无遮挡不临街采光好,24463,1.65E+02,6.745E+01,天下龙岭广场 ,2室1厅 ," 67.45平米 "," 南 "," 精装 "," 低楼层(共19层) "," 2016年建 "," 板楼"
街道口 珞狮南路 华师南门 汉飞精英青年城 急售,17292,6.5E+01,3.759E+01,汉飞精英青年城 ,1室0厅 ," 37.59平米 "," 南 "," 简装 "," 中楼层(共16层) "," 2005年建 "," 塔楼"
房屋满二，二环线内地段好，户型方正，楼层好交通方便,23810,2.5E+02,1.05E+02,狮城翰园 ,3室1厅 ," 105平米 "," 南 "," 精装 "," 低楼层(共22层) "," 2011年建 "," 板楼"
此房两证满二 中间楼层 采光好 交通便利,28989,1.43E+02,4.933E+01,银海雅苑 ,1室1厅 ," 49.33平米 "," 南 "," 简装 "," 中楼层(共32层) "," 2006年建 "," 塔楼"
雄楚大道BRT 御景名.门 通透两房 高楼层采光 提前约,16502,1.65E+02,9.999E+01,御景名门 ,2室1厅 ," 99.99平米 "," 南 "," 其他 "," 高楼层(共32层) "," 2008年建 "," 塔楼"
房子满五唯一，南北通透，马房山理工大学旁，保养好,19951,1.46E+02,7.318E+01,灯泡厂宿舍 ,2室1厅 ," 73.18平米 "," 南 北 "," 其他 "," 中楼层(共7层) "," 2004年建 "," 板楼"
街道口地铁口业主自住装修两室一厅,20111,1.53E+02,7.608E+01,鹏程国际 ,2室1厅 ," 76.08平米 "," 南 "," 精装 "," 低楼层(共29层) "," 2004年建 "," 塔楼"
武汉大学+武大附属贰小+南北通透明厨明卫大两居,33507,2.9E+02,8.655E+01,茶港军转小区 ,2室1厅 ," 86.55平米 "," 南 北 "," 精装 "," 中楼层(共8层) "," 2003年建 "," 板楼"
马房山正地铁口两房业主诚心出售,19415,1.36E+02,7.005E+01,灯泡厂宿舍 ,2室1厅 ," 70.05平米 "," 东南 "," 其他 "," 中楼层(共5层) "," 1981年建 "," 板楼"
街道口地铁A口中间楼层的小户型可陪读用,23644,1.42E+02,6.006E+01,武珞村 ,2室1厅 ," 60.06平米 "," 南 "," 其他 "," 中楼层(共8层) "," 2000年建 "," 板楼"
狮城名居两房，两证满二，业主诚心出售,19368,1.85E+02,9.552E+01,狮城名居 ,2室1厅 ," 95.52平米 "," 南 "," 精装 "," 低楼层(共17层) "," 2002年建 "," 塔楼"
石牌岭路，理工大旁，天下龙岭广场，精装一居室满两年,24188,9E+01,3.721E+01,天下龙岭广场 ,1室0厅 ," 37.21平米 "," 南 "," 精装 "," 低楼层(共19层) "," 2016年建 "," 板楼"
中南丁字桥，街道口精装一居室，中间楼层采光好。,25135,1.12E+02,4.456E+01,泓悦府 ,1室0厅 ," 44.56平米 "," 东 "," 精装 "," 中楼层(共29层) "," 2015年建 "," 塔楼"
银海雅苑2号线地铁口广埠屯地铁站300米通透一房,28938,1.58E+02,5.46E+01,银海雅苑 ,1室1厅 ," 54.6平米 "," 东南 "," 简装 "," 中楼层(共32层) "," 2006年建 "," 塔楼"
刚需小户型，临地铁 广小 交通便利,23058,1E+02,4.337E+01,广八路社区 ,1室1厅 ," 43.37平米 "," 南 "," 简装 "," 高楼层(共7层) "," 1994年建 "," 塔楼"
地铁口 珞狮南路 狮城翰园 精装两房 主卧带阳台房主自荐,22719,2.28E+02,1.0036E+02,狮城翰园 ,2室2厅 ," 100.36平米 "," 南 北 "," 精装 "," 高楼层(共23层) "," 2011年建 "," 板楼"
正街道口，两证满2年，单价低，有天然气。,19202,1.15E+02,5.989E+01,鹏程国际 ,1室1厅 ," 59.89平米 "," 南 "," 简装 "," 低楼层(共29层) "," 2004年建 "," 塔楼"
未来城23楼层经纪人孙梦豪点评，有问题可以询问我,15947,6.2E+01,3.888E+01,未来城 ,1室0厅 ," 38.88平米 "," 东 "," 其他 "," 高楼层(共29层) "," 2010年建 "," 塔楼"
狮城名居 2室2厅 178万,19458,1.78E+02,9.148E+01,狮城名居 ,2室2厅 ," 91.48平米 "," 南 北 "," 其他 "," 中楼层(共13层) "," 2002年建 "," 塔楼"
黎明村 3室1厅 125万,16634,1.25E+02,7.515E+01,黎明村 ,3室1厅 ," 75.15平米 "," 南 "," 简装 "," 高楼层(共7层) "," 1998年建 "," 板楼"
街道口 珞狮南路 精装大三房 家电齐全 户型方正,23689,2.6E+02,1.0976E+02,珞桂路99号 ,3室1厅 ," 109.76平米 "," 南 北 "," 精装 "," 低楼层(共32层) "," 2012年建 "," 板楼"
简装，满五唯一税少，不临街，楼层低适合老人,17809,2.6E+02,1.4599E+02,狮城名居 ,3室2厅 ," 146平米 "," 南 "," 简装 "," 低楼层(共13层) "," 2002年建 "," 塔楼"
中高楼层，满两年，税少，业主诚心卖，看房方便,27084,2.6E+02,9.6E+01,泓悦府 ,3室2厅 ," 96平米 "," 南 "," 其他 "," 高楼层(共17层) "," 2015年建 "," 板楼"
街道口剑桥铭邸优质大两房，采光好，不临街。,20081,1.99E+02,9.91E+01,剑桥铭邸 ,2室2厅 ," 99.1平米 "," 南 "," 精装 "," 中楼层(共11层) "," 2003年建 "," 板楼"
狮城风华新都 满五唯一 精装三房 诚心出售 看房方便,18770,2.08E+02,1.1082E+02,狮城风华新都 ,3室2厅 ," 110.82平米 "," 南 "," 简装 "," 中楼层(共13层) "," 2006年建 "," 板楼"
广埠屯户型方正满二 家具家电齐 拎包入住 采光充足。,22599,1.67E+02,7.39E+01,珞南工商所宿舍 ,2室1厅 ," 73.9平米 "," 南 "," 精装 "," 高楼层(共8层)  ",无," 板楼"
剑桥铭邸 真复式 可分两套房屋居住 高校边 实际面积大,18884,4.23E+02,2.24E+02,剑桥铭邸 ,5室3厅 ," 224平米 "," 南 北 "," 精装 "," 高楼层(共11层) "," 2003年建 "," 板楼"
广埠屯，安卓小区，正规四房，自住装修随时看房,22019,2.4E+02,1.09E+02,安卓小区 ,4室2厅 ," 109平米 "," 南 "," 简装 "," 高楼层(共5层) "," 1992年建 "," 板楼"
此房 两证满二 东南朝向 中间楼层 精装带暖气,25000,4.4E+02,1.76E+02,东湖名居 ,4室2厅 ," 176平米 "," 南 北 "," 精装 "," 中楼层(共12层) "," 1999年建 "," 板楼"
狮城名居大三房南北通透的户型。,18402,2.8E+02,1.5216E+02,狮城名居 ,3室1厅 ," 152.16平米 "," 南 北 "," 精装 "," 中楼层(共13层) "," 2002年建 "," 塔楼"
东湖边东湖名居 南北朝向 双阳台 可观湖 两证满二,20906,3.4E+02,1.6263E+02,东湖名居 ,3室2厅 ," 162.64平米 "," 南 "," 简装 "," 高楼层(共18层) "," 2002年建 "," 板楼"
二环南湖边 省检察院 精装三房 装修好 小区位置安静,20229,2.6E+02,1.2853E+02,南湖景苑 ,3室1厅 ," 128.53平米 "," 南 "," 精装 "," 低楼层(共18层) "," 2002年建 "," 塔楼"
街道口宝通寺 大两房 交通生活方便  采光视野好,25431,2.45E+02,9.634E+01,京韵花园 ,2室2厅 ," 96.34平米 "," 南 "," 简装 "," 高楼层(共26层) "," 2004年建 "," 塔楼"
珞狮南路 狮城名居 精装两房带阁楼 看房方便 拎包入住,20164,1.85E+02,9.175E+01,狮城名居 ,2室2厅 ," 91.75平米 "," 南 "," 其他 "," 高楼层(共13层) "," 2002年建 "," 塔楼"
珞狮南路 圆梦美丽家园 华师南门 诚意出售,17995,2.58E+02,1.4337E+02,圆梦美丽家园 ,3室2厅 ," 143.38平米 "," 南 "," 简装 "," 中楼层(共11层) "," 2002年建 "," 板楼"
武大正门 街道口 工商银行宿舍 正规两房  中间楼,19043,1.3E+02,6.827E+01,街道口工商银行宿舍 ,2室1厅 ," 68.27平米 "," 南 "," 简装 "," 中楼层(共8层) "," 1998年建 "," 板楼"
街道口宝通寺双地铁口满五年西南向大两房全明格局,26361,2.15E+02,8.156E+01,未来公馆 ,2室1厅 ," 81.56平米 "," 西南 "," 其他 "," 低楼层(共28层) "," 2010年建 "," 塔楼"
此房地段好，采光好，通透。交通出行方便。,19316,1.75E+02,9.06E+01,竹苑小区 ,2室2厅 ," 90.6平米 "," 南 "," 简装 "," 高楼层(共7层) "," 2000年建 "," 塔楼"
岭秀华庭自住精装大户型 房东诚售 看房方便 税费低,17632,1.79E+02,1.0152E+02,岭秀华庭 ,2室1厅 ," 101.52平米 "," 东 "," 精装 "," 中楼层(共21层) "," 2009年建 "," 塔楼"
雄楚大道理工大学，位置优越，中间楼层无遮挡视野开阔,15571,2.4E+02,1.5413E+02,御景名门 ,3室2厅 ," 154.14平米 "," 南 "," 简装 "," 高楼层(共32层) "," 2008年建 "," 塔楼"
两证满二  精装大三房  拎包入住,24375,3.33E+02,1.3662E+02,博文花园 ,3室2厅 ," 136.62平米 "," 南 北 "," 其他 "," 中楼层(共7层) "," 2004年建 "," 板塔结合"
泓悦府理工大精装修三房 中间楼层东南朝向 业主诚售,26225,2.42E+02,9.228E+01,泓悦府 ,3室2厅 ," 92.28平米 "," 南 北 "," 精装 "," 中楼层(共29层) "," 2015年建 "," 板楼"
居家精装修好房 大三室两厅 看房方便 房东诚心卖,27863,3.1E+02,1.1126E+02,泓悦府 ,3室2厅 ," 111.26平米 "," 南 北 "," 其他 "," 高楼层(共28层) "," 2015年建 "," 板楼"
水生科技苑 精装修 保养的很好 户型南北通透 诚心售,34929,5E+02,1.4315E+02,水生科技苑 ,3室2厅 ," 143.15平米 "," 南 北 "," 精装 "," 中楼层(共15层) "," 2006年建 "," 板楼"
东湖边，军转小区 2室一厅   诚心出售,21809,1.819E+02,8.341E+01,东湖村军转小区 ,2室1厅 ," 83.4平米 "," 南 "," 简装 "," 低楼层(共8层)  ",无," 暂无数据"
此房满二、自住精装、房东诚售、看房早9点前、晚6点,23975,8.3E+01,3.462E+01,天下龙岭广场 ,1室1厅 ," 34.62平米 "," 南 "," 其他 "," 中楼层(共21层) "," 2016年建 "," 板塔结合"
正街道口群光商场后，住宅楼两居室毛坯房，户型方正,28859,1.95E+02,6.757E+01,群光上苑 ,2室1厅 ," 67.57平米 "," 南 "," 精装 "," 低楼层(共30层) "," 2016年建 "," 板楼"
鹏程蕙园 精装修两居室 不满二 中间楼层 采光好,22874,1.99E+02,8.7E+01,鹏程蕙园 ,2室2厅 ," 87平米 "," 南 "," 精装 "," 中楼层(共31层) "," 2006年建 "," 塔楼"
狮城翰园，精装修，两证满二，税费低,24021,3.15E+02,1.3114E+02,狮城翰园 ,3室1厅 ," 131.14平米 "," 东南 "," 精装 "," 高楼层(共23层) "," 2011年建 "," 板楼"
马房山华师南门珞桂路99号小区，中间楼层南北通透,22728,2.5E+02,1.1E+02,珞桂路99号 ,3室2厅 ," 110平米 "," 南 北 "," 精装 "," 低楼层(共32层) "," 2012年建 "," 板楼"
街道口 泓悦府 精装一室 中层拎包入住 不临街 采光佳,22891,1.02E+02,4.456E+01,泓悦府 ,1室1厅 ," 44.56平米 "," 东南 "," 精装 "," 中楼层(共29层) "," 2015年建 "," 塔楼"
水生所宿舍，南北通透，看房有钥匙,32259,2E+02,6.2E+01,水生所宿舍 ,3室1厅 ," 62平米 "," 南 北 "," 其他 "," 高楼层(共5层)  ",无," 板楼"
街道口武大门口电梯两室，毛坯房有钥匙随时看,25929,2.08E+02,8.022E+01,学府鑫苑 ,2室1厅 ," 80.22平米 "," 南 "," 毛坯 "," 低楼层(共31层) "," 2016年建 "," 板塔结合"
街道口 理工大旁 黎明社区 两室一厅 看房有钥匙~,18398,1.15E+02,6.251E+01,黎明村 ,2室1厅 ," 62.51平米 "," 西北 "," 简装 "," 高楼层(共7层) "," 1998年建 "," 板楼"
卖点：位于街道口地铁口，70年住宅产权，yopu天然气,19254,9.7E+01,5.038E+01,鹏程国际 ,1室1厅 ," 50.38平米 "," 南 "," 其他 "," 低楼层(共29层) "," 2004年建 "," 塔楼"
天下龙岭广场精装小两居 高楼层 视野开阔,23279,1.65E+02,7.088E+01,天下龙岭广场 ,2室2厅 ," 70.88平米 "," 南 "," 其他 "," 高楼层(共21层) "," 2016年建 "," 板塔结合"
狮城翰园，大四房，60万欧式装修，两证满二，中高层房主自荐,25310,3.5E+02,1.3829E+02,狮城翰园 ,4室2厅 ," 138.29平米 "," 南 北 "," 精装 "," 高楼层(共23层) "," 2011年建 "," 板楼"
街道口双地铁，大户型业主诚售，看房方便满五年,23536,3.6E+02,1.5296E+02,未来城 ,4室1厅 ," 152.96平米 "," 南 "," 简装 "," 低楼层(共27层) "," 2010年建 "," 板楼"
二环内  70年产权 高楼层 业主自住精装,17927,1.47E+02,8.2E+01,春林庭苑 ,2室2厅 ," 82平米 "," 南 "," 简装 "," 高楼层(共22层) "," 2006年建 "," 板塔结合"
武汉大学 东湖旁 东湖楚天府 精装大三房 户型方正,37792,4.9E+02,1.2966E+02,东湖楚天府 ,3室2厅 ," 129.66平米 "," 南 北 "," 精装 "," 高楼层(共27层) "," 2015年建 "," 板楼"
狮城名居 3室2厅 310万,19929,3.1E+02,1.5555E+02,狮城名居 ,3室2厅 ," 155.56平米 "," 南 北 "," 精装 "," 高楼层(共17层) "," 2002年建 "," 塔楼"
二环边   70年住宅  高层   南北通透  满两年,16297,2.5E+02,1.534E+02,御景名门 ,4室2厅 ," 153.41平米 "," 南 北 "," 其他 "," 中楼层(共32层) "," 2008年建 "," 塔楼"
街道口 宝通寺地铁口 精装一居室 拎包入住 预约看房,24149,9.5E+01,3.934E+01,天下龙岭广场 ,1室0厅 ," 39.34平米 "," 西 "," 其他 "," 低楼层(共19层) "," 2016年建 "," 板楼"
武大门口朝南两居室，看房方便精装修,21254,1.16E+02,5.458E+01,东湖楚天府 ,2室1厅 ," 54.58平米 "," 南 "," 精装 "," 中楼层(共35层) "," 2016年建 "," 塔楼"
东湖楚天府公寓  诚心出售  新证  看房提前预约,24480,1E+02,4.085E+01,东湖楚天府 ,1室1厅 ," 40.85平米 "," 南 "," 精装 "," 高楼层(共35层) "," 2016年建 "," 塔楼"
圆梦美丽家园，南北向大三房，业主诚心出售，总价底,14745,1.82E+02,1.2343E+02,圆梦美丽家园 ,3室2厅 ," 123.44平米 "," 南 北 "," 简装 "," 地下室(共6层) "," 2002年建 "," 板楼"
雄楚大道  南湖景苑 湖景精装三房 满两年 随时看房,18673,2.4E+02,1.2853E+02,南湖景苑 ,3室1厅 ," 128.53平米 "," 南 "," 精装 "," 高楼层(共18层) "," 2002年建 "," 塔楼"
石牌岭商圈 生活方便 一室一厅 拎包住,22436,8.75E+01,3.9E+01,天下龙岭广场 ,1室1厅 ," 39平米 "," 南 "," 简装 "," 高楼层(共19层) "," 2016年建 "," 板楼"
街道口珞狮路3+1户型，看房方便地铁口,14511,2.15E+02,1.4816E+02,狮城公寓(珞狮路) ,4室2厅 ," 148.17平米 "," 南 北 "," 简装 "," 中楼层(共7层) "," 2000年建 "," 板楼"
街道口华师旁新小区  正规两房,27089,2.4E+02,8.86E+01,群光上苑 ,2室1厅 ," 88.6平米 "," 南 "," 精装 "," 高楼层(共32层) "," 2016年建 "," 板塔结合"
业主诚心卖，看房有钥匙，新世界百货楼上,18544,8.2E+01,4.422E+01,鹏程国际 ,1室1厅 ," 44.22平米 "," 东南 南 "," 简装 "," 高楼层(共30层) "," 2004年建 "," 塔楼"
狮城翰园 精装朝南大两房 高层采光视野好 完全无遮挡,22499,2.15E+02,9.556E+01,狮城翰园 ,2室2厅 ," 95.56平米 "," 南 "," 精装 "," 高楼层(共23层) "," 2011年建 "," 板楼"
街道口地铁站一室一厅70年住宅性质，有钥匙看房方便,17536,1.08E+02,6.159E+01,鹏程国际 ,1室1厅 ," 61.59平米 "," 西 "," 简装 "," 高楼层(共29层) "," 2004年建 "," 塔楼"
河马生鲜，通风采光好，简单装修，可以直接入住。,24553,8.5E+01,3.462E+01,天下龙岭广场 ,1室1厅 ," 34.62平米 "," 东 "," 精装 "," 高楼层(共21层) "," 2016年建 "," 板塔结合"
广埠屯地铁口精装修两室一厅 业主诚意出售楼梯房,17081,1.3E+02,7.611E+01,南街东湖花园 ,2室1厅 ," 76.11平米 "," 西南 "," 精装 "," 高楼层(共9层) "," 1998年建 "," 板楼"
汉飞精英青年城 1室1厅 80万,18249,8E+01,4.384E+01,汉飞精英青年城 ,1室1厅 ," 43.84平米 "," 南 "," 其他 "," 中楼层(共16层) "," 2005年建 "," 塔楼"
珞狮南路精装2房 交通便利 配套齐全。,21413,2.15E+02,1.0041E+02,狮城翰园 ,2室2厅 ," 100.41平米 "," 南 "," 精装 "," 中楼层(共22层) "," 2011年建 "," 板楼"
马房山8号线11号线地铁口LOFT诚心出售,17777,7.5E+01,4.219E+01,南国大家装江南店 ,2室1厅 ," 42.19平米 "," 南 "," 简装 "," 中楼层(共22层) "," 2014年建 "," 塔楼"
东湖楚天府，环境好，优质，精装，2房,40930,3.1E+02,7.574E+01,东湖楚天府 ,2室2厅 ," 75.74平米 "," 南 "," 精装 "," 低楼层(共27层) "," 2016年建 "," 板楼"
该房在街道口群光后，地段繁华，小区绿化良好,31703,2.8E+02,8.832E+01,群光上苑 ,2室2厅 ," 88.32平米 "," 南 "," 精装 "," 中楼层(共32层) "," 2016年建 "," 板塔结合"
街道口二环雄楚大道 御景小户型一房 拎包入住,19743,7.5E+01,3.799E+01,御景名门 ,1室1厅 ," 37.99平米 "," 南 "," 简装 "," 中楼层(共32层) "," 2008年建 "," 塔楼"
二环 狮城翰园小户型秀珍一室 好房 随时看,20435,9.4E+01,4.6E+01,狮城翰园 ,1室1厅 ," 46平米 "," 东 "," 精装 "," 高楼层(共17层) "," 2011年建 "," 板楼"
街道口武汉理工大旁泓悦府一房诚意出售,25135,1.12E+02,4.456E+01,泓悦府 ,1室1厅 ," 44.56平米 "," 东 "," 精装 "," 低楼层(共29层) "," 2015年建 "," 塔楼"
【【【底价急售】】】剑桥铭邸  满五唯一 随时看房,18063,4.2E+02,2.3252E+02,剑桥铭邸 ,7室3厅 ," 232.53平米 "," 南 北 "," 简装 "," 高楼层(共11层) "," 2003年建 "," 板楼"
广埠屯 东湖楚天府 毛坯三房 业主诚心卖，看房有钥匙,37419,3.6E+02,9.621E+01,东湖楚天府 ,3室1厅 ," 96.21平米 "," 南 "," 毛坯 "," 低楼层(共29层) "," 2015年建 "," 板楼"
街道口 二环内 01年商品房一梯两户 南北通 西边全明户,16321,2.8E+02,1.7156E+02,狮城公寓(珞狮路) ,4室2厅 ," 171.56平米 "," 南 北 "," 简装 "," 高楼层(共8层) "," 2001年建 "," 板楼"
石牌园社区 1室1厅 92万,19931,9.2E+01,4.616E+01,石牌园社区 ,1室1厅 ," 46.16平米 "," 北 "," 其他 "," 高楼层(共7层) "," 2007年建 "," 板楼"
珞狮路+风华新都精装大三房，南北通透+高楼层,19322,2.8E+02,1.4491E+02,狮城风华新都 ,3室2厅 ," 144.92平米 "," 南 北 "," 精装 "," 中楼层(共18层) "," 2006年建 "," 板楼"
武大东湖边优质居家三房两卫，户型方正,34406,4E+02,1.1626E+02,东湖楚天府 ,3室2厅 ," 116.26平米 "," 南 "," 其他 "," 高楼层(共22层) "," 2015年建 "," 板楼"
交通便利，视野好，采光通透户型方正。,31778,1.77E+02,5.57E+01,融科珞瑜路95号 ,1室1厅 ," 55.7平米 "," 南 "," 简装 "," 低楼层(共30层)  ",无," 塔楼"
泓悦府 街道口商圈 交通便利 出行顺畅 上班必备,24013,1.07E+02,4.456E+01,泓悦府 ,1室1厅 ," 44.56平米 "," 西 "," 简装 "," 高楼层(共29层) "," 2015年建 "," 塔楼"
广埠屯广八路银海三房户型方正+两证满五低总价可陪读,31202,3.8E+02,1.2179E+02,银海雅苑 ,3室1厅 ," 121.79平米 "," 南 "," 简装 "," 低楼层(共32层)  ",无," 板楼"
房满两年 税少 南北通透，高楼层，视野开阔，采光好,16425,2.25E+02,1.3699E+02,春林庭苑 ,3室2厅 ," 136.99平米 "," 南 北 "," 简装 "," 高楼层(共22层) "," 2006年建 "," 板塔结合"
雄楚大道 泰格生态公寓 大三房 通透户型 满五年税费低,15884,1.9E+02,1.1962E+02,泰格生态公寓 ,3室2厅 ," 119.62平米 "," 南 "," 简装 "," 高楼层(共7层) "," 2003年建 "," 板楼"
双地铁口 业主诚心出售 交通方便,19188,1.1E+02,5.733E+01,南国大家装江南店 ,2室0厅 ," 57.33平米 "," 东南 "," 毛坯 "," 中楼层(共24层) "," 2014年建 "," 塔楼"
街道口正地铁口群光广场旁精装修两室一厅,28508,2.55E+02,8.945E+01,群光上苑 ,2室1厅 ," 89.45平米 "," 南 "," 精装 "," 高楼层(共32层) "," 2017年建 "," 板塔结合"
南北通透，户型方正，采光好，布局合理,26957,2.78E+02,1.0313E+02,泓悦府 ,3室2厅 ," 103.13平米 "," 南 北 "," 简装 "," 中楼层(共27层) "," 2015年建 "," 板楼"
街道口地铁口 群光上苑 两室精装修 卧室朝南,26636,2.89E+02,1.085E+02,群光上苑 ,2室2厅 ," 108.5平米 "," 南 "," 简装 "," 低楼层(共32层) "," 2016年建 "," 板塔结合"
街道口 理工大 马房山 黎明社区 2013年的房子,19286,1.5E+02,7.778E+01,马房山经济适用房 ,2室1厅 ," 77.78平米 "," 南 北 "," 精装 "," 中楼层(共6层) "," 2013年建 "," 板塔结合"
街道口 珞狮南路 华师南门 三房总价低 业主诚售,17869,2.2E+02,1.2312E+02,圆梦美丽家园 ,3室1厅 ," 123.12平米 "," 南 北 "," 简装 "," 低楼层(共12层) "," 2002年建 "," 板楼"
卓刀泉 三房朝南 跃层 保养的很好 税费少,18065,4.58E+02,2.5353E+02,七环科技公寓 ,7室3厅 ," 253.53平米 "," 南 北 "," 简装 "," 高楼层(共8层) "," 2000年建 "," 板楼"
雄楚大道 理工大旁 春林庭苑 大三房,17447,2.39E+02,1.3699E+02,春林庭苑 ,3室2厅 ," 136.99平米 "," 南 "," 简装 "," 高楼层(共22层) "," 2006年建 "," 板塔结合"
水生所宿舍 3室1厅 220万,35416,2.2E+02,6.212E+01,水生所宿舍 ,3室1厅 ," 62.12平米 "," 南 北 "," 简装 "," 低楼层(共5层)  ",无," 板楼"
该房在地铁口旁 楼下购物方便  地理位置很好,18553,1.2E+02,6.468E+01,鹏程国际 ,1室1厅 ," 64.68平米 "," 西 南 "," 精装 "," 中楼层(共30层) "," 2004年建 "," 塔楼"
狮城风华新都 通透三房 2梯4户 房东诚售,18941,2.55E+02,1.3463E+02,狮城风华新都 ,3室2厅 ," 134.63平米 "," 南 "," 简装 "," 低楼层(共13层) "," 2006年建 "," 板楼"
水果湖茶港军转小区通透三房超好楼层,29449,3.55E+02,1.2055E+02,茶港军转小区 ,3室2厅 ," 120.55平米 "," 南 北 "," 简装 "," 低楼层(共8层) "," 2003年建 "," 板楼"
银海雅苑 中间楼层 自住装修 看房预约,39383,5E+02,1.2696E+02,银海雅苑 ,3室2厅 ," 126.96平米 "," 东南 "," 简装 "," 低楼层(共33层)  ",无," 板楼"
广埠屯K出口银海大三房户型方正采光好产权清晰无抵,33071,4.2E+02,1.27E+02,银海雅苑 ,3室2厅 ," 127平米 "," 南 "," 其他 "," 低楼层(共33层) "," 2006年建 "," 板楼"
武大旁    采光无遮挡的通透大两房,26966,2.85E+02,1.0569E+02,学府鑫苑 ,2室1厅 ," 105.69平米 "," 东南 "," 毛坯 "," 高楼层(共31层) "," 2016年建 "," 板塔结合"
未来公馆 2室1厅 210万,23724,2.1E+02,8.852E+01,未来公馆 ,2室1厅 ," 88.52平米 "," 南 北 "," 其他 "," 高楼层(共28层) "," 2010年建 "," 塔楼"
自住，出租皆相宜，南国大家装loft公寓，上下复式房主自荐,20239,8.5E+01,4.2E+01,南国大家装江南店 ,2室1厅 ," 42平米 "," 南 "," 简装 "," 高楼层(共22层) "," 2014年建 "," 塔楼"
鹏程国际 正规一室一厅 交通方便 商圈成熟产权清晰,19991,1.2E+02,6.003E+01,鹏程国际 ,1室1厅 ," 60.03平米 "," 北 "," 简装 "," 高楼层(共30层) "," 2004年建 "," 塔楼"
石牌路，御景名。门，简装满二大两房，明厨明卫钥匙房,15630,1.59E+02,1.0173E+02,御景名门 ,2室1厅 ," 101.73平米 "," 南 北 "," 简装 "," 中楼层(共32层) "," 2008年建 "," 塔楼"
复式带天然气  精装修 双地铁口 业主诚心出售,21368,9E+01,4.212E+01,南国大家装江南店 ,2室1厅 ," 42.12平米 "," 南 "," 精装 "," 中楼层(共22层) "," 2014年建 "," 塔楼"
街道口华师内 桂子山庄 正规三室 两证满二,16510,1.93E+02,1.169E+02,桂子山庄 ,3室2厅 ," 116.9平米 "," 南 北 "," 简装 "," 低楼层(共7层) "," 2000年建 "," 板楼"
该房为街道口地铁口，流行视窗楼上，两居室产证满二,17030,2.23E+02,1.3095E+02,阜华大厦 ,4室1厅 ," 130.95平米 "," 南 北 "," 简装 "," 低楼层(共30层) "," 2005年建 "," 塔楼"
广埠屯地铁口 繁华地段 交通便利 看房方便+正规三房,23400,1.7E+02,7.265E+01,广埠屯小学宿舍 ,3室1厅 ," 72.65平米 "," 南 北 "," 简装 "," 中楼层(共7层) "," 1996年建 "," 板楼"
东湖楚天府  一室一厅 40年公寓 租金抵贷款,20537,7.5E+01,3.652E+01,东湖楚天府 ,1室1厅 ," 36.52平米 "," 南 "," 精装 "," 中楼层(共35层) "," 2016年建 "," 塔楼"
街道口 华师校内 南北通透大两房 户型方正校内房源,20577,1.9E+02,9.234E+01,桂子山庄 ,2室1厅 ," 92.34平米 "," 南 北 "," 精装 "," 低楼层(共8层) "," 2000年建 "," 板楼"
剑桥铭邸 自住装修 家电齐全  电梯房,20768,3.8E+02,1.8297E+02,剑桥铭邸 ,4室2厅 ," 182.98平米 "," 南 北 "," 简装 "," 中楼层(共7层) "," 2003年建 "," 板楼"
华师旁 真复式楼 2层独门独户一个证175平实得200平房主自荐,17694,3.1E+02,1.752E+02,泰格生态公寓 ,4室4厅 ," 175.21平米 "," 南 北 "," 简装 "," 低楼层(共7层)  ",无," 塔楼"
亚贸  理工大旁 泓悦府精装一房,25426,1E+02,3.933E+01,泓悦府 ,1室1厅 ," 39.33平米 "," 东 "," 精装 "," 低楼层(共29层) "," 2015年建 "," 塔楼"
二环内 成熟小区 正规小两房 诚心出售,18795,1.3E+02,6.917E+01,圆梦美丽家园 ,2室2厅 ," 69.17平米 "," 南 "," 简装 "," 高楼层(共7层)  ",无," 板楼"
街道口地铁口 群光上苑 朝南两室精装修 中层采光好,30410,2.6E+02,8.55E+01,群光上苑 ,2室1厅 ," 85.5平米 "," 南 北 "," 精装 "," 低楼层(共32层) "," 2016年建 "," 板塔结合"
石牌岭盒马鲜生楼上天下龙岭广场两房出售,22252,1.53E+02,6.876E+01,天下龙岭广场 ,2室1厅 ," 68.76平米 "," 南 "," 简装 "," 高楼层(共19层) "," 2016年建 "," 板楼"
东湖绿道美景，武汉大学旁，毛坯大3房2卫，业主诚心卖,39883,6.78E+02,1.7E+02,东湖楚天府 ,3室2厅 ," 170平米 "," 东南 南 "," 毛坯 "," 中楼层(共27层) "," 2016年建 "," 板楼"
地质医院家属区  诚心出售  环境好,26550,2.51E+02,9.454E+01,地质医院家属区 ,3室2厅 ," 94.54平米 "," 南 "," 精装 "," 高楼层(共7层)  ",无," 暂无数据"
街道口2号线一楼200平商铺诚意出售,24463,4.9E+02,2.003E+02,武汉汽门厂宿舍 ,3室2厅 ," 200.31平米 "," 南 "," 简装 "," 低楼层(共8层)  ",无," 板楼"
街道口 6万精装修一居室带天然气拎包入住,27796,8.5E+01,3.058E+01,天下龙岭广场 ,1室0厅 ," 30.58平米 "," 东 "," 其他 "," 低楼层(共19层) "," 2016年建 "," 板楼"
采光好的大两房 精装修 有天然气 产权清晰 业主诚售,20069,1.28E+02,6.378E+01,东湖村军转小区 ,2室1厅 ," 63.78平米 "," 南 "," 简装 "," 高楼层(共8层) "," 1998年建 "," 板楼"
南湖景苑 3室2厅 257万,19996,2.57E+02,1.2853E+02,南湖景苑 ,3室2厅 ," 128.53平米 "," 南 "," 简装 "," 低楼层(共18层) "," 2002年建 "," 板楼"
二环内 低总价一居室 户型方正 采光好,17969,7.8E+01,4.341E+01,御景名门 ,1室0厅 ," 43.41平米 "," 南 "," 其他 "," 中楼层(共32层) "," 2008年建 "," 塔楼"
狮城风华新都，满二，税低，中高层，采光无遮挡房主自荐,20614,1.8E+02,8.732E+01,狮城风华新都 ,2室2厅 ," 87.32平米 "," 南 "," 简装 "," 中楼层(共13层) "," 2006年建 "," 板楼"
武汉大学旁八一路精致三房诚意出售,18192,2.1E+02,1.1544E+02,东湖村军转小区 ,3室2厅 ," 115.44平米 "," 南 "," 简装 "," 高楼层(共8层)  ",无," 板楼"
街道口地铁口 群光上苑 两室精装修 卧室朝南诚心卖,29494,3.2E+02,1.085E+02,群光上苑 ,2室1厅 ," 108.5平米 "," 南 "," 精装 "," 低楼层(共32层) "," 2016年建 "," 板塔结合"
广埠屯卓刀泉北路住宅两房南北产权清晰满五唯一,21265,2.2E+02,1.0346E+02,金桥花园 ,2室2厅 ," 103.46平米 "," 南 "," 简装 "," 中楼层(共7层) "," 1999年建 "," 板楼"
理工大 独门独户一居室 高楼层满二无遮挡,23459,1.05E+02,4.476E+01,泓悦府 ,1室0厅 ," 44.76平米 "," 南 "," 其他 "," 高楼层(共29层) "," 2015年建 "," 塔楼"
桂子山庄，简装通透大三房，采光无遮挡，满五唯一,20815,2.35E+02,1.129E+02,桂子山庄 ,3室2厅 ," 112.9平米 "," 南 "," 简装 "," 低楼层(共7层) "," 2000年建 "," 板楼"
武昌区，石牌岭，满五唯一，业主诚心卖，南北通透。,19268,1.4E+02,7.266E+01,武汉市盲校住宅小区 ,2室2厅 ," 72.66平米 "," 南 北 "," 其他 "," 中楼层(共7层) "," 2000年建 "," 板楼"
狮城翰园 4室2厅 308万,22273,3.08E+02,1.3828E+02,狮城翰园 ,4室2厅 ," 138.29平米 "," 南 "," 其他 "," 中楼层(共23层) "," 2011年建 "," 板楼"
：此房中间楼层，精装修，满二年，业主诚意出售,24686,1.1E+02,4.456E+01,泓悦府 ,1室1厅 ," 44.56平米 "," 东 "," 精装 "," 中楼层(共29层) "," 2015年建 "," 塔楼"
武大旁街道口东湖楚天府精装公寓,20537,7.5E+01,3.652E+01,东湖楚天府 ,1室1厅 ," 36.52平米 "," 南 "," 精装 "," 低楼层(共35层) "," 2016年建 "," 塔楼"
广埠屯  70年产权住宅 小户型  有电梯,25423,1.4E+02,5.507E+01,融科珞瑜路95号 ,1室1厅 ," 55.07平米 "," 南 "," 简装 "," 低楼层(共30层)  ",无," 塔楼"
东湖楚天府 1室0厅 82万,19693,8.2E+01,4.164E+01,东湖楚天府 ,1室0厅 ," 41.64平米 "," 北 "," 其他 "," 中楼层(共35层) "," 2016年建 "," 塔楼"
黎明新居 2室1厅 195万,23772,1.95E+02,8.203E+01,黎明新居 ,2室1厅 ," 82.03平米 "," 西南 "," 简装 "," 低楼层(共32层) "," 2016年建 "," 板楼"
二环内地铁口正规一居室全明格局阳台朝北公摊低无抵押,25663,1.2E+02,4.676E+01,鹏程国际 ,1室1厅 ," 46.76平米 "," 东南 "," 精装 "," 中楼层(共30层) "," 2004年建 "," 塔楼"
机施宿舍 2室1厅 119万,19366,1.19E+02,6.145E+01,机施宿舍 ,2室1厅 ," 61.45平米 "," 南 北 "," 其他 "," 高楼层(共5层)  ",无," 暂无数据"
街道口地铁，70年产权住宅  写字楼 武大校园旁,15834,9.5E+01,6E+01,鹏程国际 ,1室1厅 ," 60平米 "," 南 "," 简装 "," 高楼层(共30层) "," 2004年建 "," 塔楼"
街道口群光上苑精装修卧室朝南 采光好小区环境好,26268,2.85E+02,1.085E+02,群光上苑 ,2室2厅 ," 108.5平米 "," 南 北 "," 精装 "," 低楼层(共32层) "," 2017年建 "," 板塔结合"
街道口银泰百货 视野开阔，交通便利，生活配套齐全,16748,2.35E+02,1.4032E+02,鹏程国际 ,3室1厅 ," 140.32平米 "," 南 "," 简装 "," 低楼层(共30层) "," 2004年建 "," 塔楼"
街道口地铁站 银泰百货群光广场,16970,1E+02,5.893E+01,鹏程国际 ,1室1厅 ," 58.93平米 "," 南 "," 简装 "," 低楼层(共30层) "," 2004年建 "," 塔楼"
东湖名居+居家装修+中高楼层+复式电梯别墅,25306,7E+02,2.7661E+02,东湖名居 ,5室2厅 ," 276.62平米 "," 南 北 "," 简装 "," 高楼层(共12层) "," 1999年建 "," 板楼"
街道口地铁口 群光上苑 居家朝南两居室 开发商精装,29961,2.68E+02,8.945E+01,群光上苑 ,2室2厅 ," 89.45平米 "," 南 "," 精装 "," 高楼层(共32层) "," 2016年建 "," 板塔结合"
亚贸 石牌岭 岭秀华庭 精装两房,20246,1.95E+02,9.632E+01,岭秀华庭 ,2室1厅 ," 96.32平米 "," 南 "," 精装 "," 低楼层(共21层) "," 2009年建 "," 塔楼"
八一路武大南门口次新房小区自住三房南北向满二低,42638,4.1E+02,9.616E+01,东湖楚天府 ,3室2厅 ," 96.16平米 "," 南 "," 精装 "," 高楼层(共26层) "," 2016年建 "," 板楼"
街道口地铁口群光广场旁，中间楼层南北通透双阳台两室,19995,1.45E+02,7.252E+01,省建委宿舍 ,2室1厅 ," 72.52平米 "," 南 北 "," 简装 "," 中楼层(共6层) "," 1999年建 "," 板楼"
